Gene Symbol,Type,n_guides,A375 Olaparib_6T z-score,A375 PARP1_sg1 z-score,A375 PARP1_sg2 z-score,HAP1 PARP1_SSC z-score,HAP1 Talazoparib z-score,OVCAR8 Olaparib_6T z-score,OVCAR8 PARP1_sg1 z-score,OVCAR8 PARP1_sg2 z-score,everything abs max z-score,A375 both guides,OVCAR8 both guides,A375 all,OVCAR8 all,HAP1 all,all drugs,all genetic,all,Gene ID
ETAA1,PROTEIN_CODING,4,-2.934841504101303,-2.982709243881518,-0.2834944317404566,-2.651511532845847,-4.292664825501196,0.5532394941499633,-1.160052330898556,-1.392179712905035,-4.292664825501196,-1.6331018378109872,-1.2761160219017955,-2.0670150599077592,-0.6663308498845426,-3.4720881791735216,-2.224755611817512,-1.8535764641862098,-2.039166038001861,54465
NCAPG,PROTEIN_CODING,4,-1.766753164136174,-0.8491344716880778,-2.588580580599093,-0.4982221448434173,-1.013865092064622,-5.82485702433284,-3.156808924392551,-3.478935547349853,-5.82485702433284,-1.7188575261435854,-3.317872235871202,-1.7348227388077817,-4.153533832025081,-0.7560436184540196,-2.8684917601778785,-1.844983968952735,-2.3567378645653068,64151
GTF2E2,PROTEIN_CODING,4,-0.8483516531765446,-1.59552907025698,-3.247709244543326,-1.428822385885025,-2.43479156228828,-3.321540003457403,-1.706819410510689,-3.079397675113223,-3.321540003457403,-2.421619157400153,-2.393108542811956,-1.8971966559922837,-2.702585696360438,-1.9318069740866526,-2.201561072974076,-2.081183362032378,-2.141372217503227,2961
CFAP298,PROTEIN_CODING,4,-2.788541241243678,-1.532932557429092,-0.1855803039555531,-2.52489449553101,-1.724025171951133,-3.248380278953278,-3.971696160102036,-3.473184341381676,-3.971696160102036,-0.8592564306923225,-3.7224402507418564,-1.5023513675427742,-3.5644202601456634,-2.1244598337410716,-2.5869822307160297,-2.368863725655063,-2.4779229781855463,56683
POLR3E,PROTEIN_CODING,4,-3.101392117362216,-1.008737220661597,-1.552037015910081,-2.839006107723873,-0.1759162900106498,-2.82246512638971,-2.35326074859065,-2.770555381432896,-3.101392117362216,-1.280387118285839,-2.5619080650117727,-1.8873887846446313,-2.6487604188044185,-1.5074611988672613,-2.0332578445875256,-2.227100430340495,-2.13017913746401,55718
BRCA2,PROTEIN_CODING,4,-2.039912995686723,-1.362633679975623,-0.02841060361522172,-4.837818324312998,-1.341644023562475,-3.095450697870345,-2.230083056160711,-2.493266124236301,-4.837818324312998,-0.6955221417954223,-2.361674590198506,-1.1436524264258559,-2.6062666260891194,-3.0897311739377367,-2.159002572373181,-2.631671685435642,-2.395337128904411,675
DDX18,PROTEIN_CODING,4,-2.043331989908851,-1.653941069536188,-2.010027074834621,-1.869697964477666,-1.438120131843251,-4.009214303661285,-1.59785418236287,-1.232803351042957,-4.009214303661285,-1.8319840721854046,-1.4153287667029135,-1.90243337809322,-2.2799572790223706,-1.6539090481604584,-2.496888808471129,-1.7056702677886613,-2.101279538129895,8886
POLE2,PROTEIN_CODING,4,-2.793143588289425,-0.7892538481612662,-3.063892653847228,-0.7144236647467815,-0.2709144657271522,-4.448408882894888,-2.242756167822439,-2.522672890207461,-4.448408882894888,-1.926573251004247,-2.38271452901495,-2.215430030099306,-3.0712793136415963,-0.49266906523696685,-2.5041556456371548,-1.6745704815886597,-2.0893630636129075,5427
INTS3,PROTEIN_CODING,4,0.006525100274307478,-0.79221272190559,-0.2173871500282837,-2.423700626184957,-1.650058782008622,-4.313412982910928,-4.710264992569162,-3.764050769999252,-4.710264992569162,-0.5047999359669368,-4.237157881284207,-0.3343582572198554,-4.262576248493114,-2.0368797040967896,-1.9856488882150811,-2.3885528144787003,-2.187100851346891,65123
SUPT5H,PROTEIN_CODING,4,-3.569770083994444,-2.148810560667874,-2.690724429051041,-3.906785242319162,-2.423636352123399,-2.613375916870696,-1.622544597456127,-2.352410941670199,-3.906785242319162,-2.4197674948594576,-1.9874777695631631,-2.8031016912377864,-2.1961104853323405,-3.16521079722128,-2.8689274509961797,-2.771343502247261,-2.8201354766217204,6829
CYB5R4,PROTEIN_CODING,4,-2.242966796152302,0.438115626828155,-1.437663154910158,-5.775444276796215,-4.230331494794776,0.4197764770223772,0.249504801577331,-0.8579504789920523,-5.775444276796215,-0.4997737640410015,-0.30422283870736067,-1.0808381080781018,-0.06288973346411471,-5.002887885795495,-2.017840604641567,-2.193146959848192,-2.1054937822448796,51167
INTS11,PROTEIN_CODING,4,-2.607788644442783,-0.464616202083511,-1.637711682069945,0.5352430528871199,-1.267526848642232,-6.306778332064542,-4.082685192628668,-3.897695252570721,-6.306778332064542,-1.051163942076728,-3.9901902225996944,-1.570038842865413,-4.762386259087976,-0.366141897877556,-3.3940312750498527,-1.5020370372631007,-2.448034156156477,54973
CENPX,PROTEIN_CODING,4,-2.514966410657163,-1.581712492098006,-0.2073442099601605,-4.93088964073357,-11.01318190692061,-1.580362517737411,-1.891103521833979,-1.605689602476222,-11.01318190692061,-0.8945283510290832,-1.7483965621551003,-1.4346743709051097,-1.6923852140158706,-7.9720357738270895,-5.036170278438394,-2.524604851305918,-3.7803875648721563,201254
MND1,PROTEIN_CODING,4,-3.683310852023394,-2.454048510800495,-0.1048469323989472,-4.422162164183037,-5.653626856247854,-0.3131191712627843,1.898457572552273,-0.07611674006824977,-5.653626856247854,-1.279447721599721,0.9111704162420116,-2.0807354317409454,0.5030738870737462,-5.0378945102154455,-3.216685626511344,-1.5968131565135824,-2.4067493915124634,84057
NHEJ1,PROTEIN_CODING,4,0.3615053257574378,-2.407227425463744,-5.154761594465026,-7.077519435711705,-2.474712748857088,0.8821370680129172,-0.3915062284002402,-0.01048270837847626,-7.077519435711705,-3.780994509964385,-0.20099446838935822,-2.400161231390444,0.16004937707806693,-4.776116092284396,-0.4103567850289111,-3.6865028046884833,-2.048429794858697,79840
BRCA1,PROTEIN_CODING,4,-3.122215318057815,-1.139902646029676,-0.9992323246001228,-2.164217932464647,-2.264242871698007,-4.797475026625602,-5.051297888736243,-4.079835931901125,-5.051297888736243,-1.0695674853148993,-4.565566910318684,-1.7537834295625379,-4.642869615754324,-2.214230402081327,-3.394644405460474,-2.5997841093660767,-2.997214257413275,672
RNASEH2A,PROTEIN_CODING,4,-4.240179239929755,-1.647242093907336,-1.398557570613241,-2.209347913591984,-1.510232873442256,-6.30877601563558,-1.502703226112566,-2.250275439081115,-6.30877601563558,-1.5228998322602885,-1.8764893325968404,-2.428659634816777,-3.3539182269430867,-1.85979039351712,-4.019729376335864,-1.8695790261497043,-2.944654201242784,10535
PARG,PROTEIN_CODING,4,4.624002780143998,0.4088489166090946,0.7598103113662737,5.84894195140919,3.251486234605439,1.640039981654129,1.150712555328671,0.2785312161460494,5.84894195140919,0.5843296139876841,0.7146218857373602,1.930887336039789,1.023094584376283,4.550214093007314,3.1718429988011887,2.382631150378078,2.7772370745896335,8505
CCT5,PROTEIN_CODING,4,-0.3104280588783231,-1.243790348532424,-3.480814196861205,-1.538103034578239,-1.343226802771201,-7.51258492744734,-2.873795352146285,-4.039085525178188,-7.51258492744734,-2.3623022726968146,-3.4564404386622365,-1.6783442014239842,-4.808488601590604,-1.44066491867472,-3.0554132630322877,-2.45228191531243,-2.753847589172359,22948
PARP2,PROTEIN_CODING,4,-3.990927754889843,-1.363963420106904,-2.087373743782361,-8.946981318072432,-0.3331484912579165,0.09980581814299024,-0.7444854132952322,-1.353501356533231,-8.946981318072432,-1.7256685819446325,-1.0489933849142317,-2.4807549729263694,-0.666060317228491,-4.640064904665174,-1.4080901426682564,-3.9072144283104318,-2.657652285489344,10038
PRELID1,PROTEIN_CODING,4,-1.410426752414857,-1.570550620294181,-3.243107692967646,-1.383507039664466,-0.8949036443588171,-3.721772690902323,-2.577627576494092,-3.529779917711425,-3.721772690902323,-2.4068291566309137,-3.053703747102759,-2.074695021892228,-3.2763933950359463,-1.1392053420116415,-2.0090343625586655,-2.2813466477993796,-2.1451905051790225,27166
SOD1,PROTEIN_CODING,4,-2.877122837008173,-0.7255043513184701,-0.01884246416648674,-1.99712563183864,-3.199551273498193,-2.66978244709265,-3.456426443612741,-3.604508426629597,-3.604508426629597,-0.3721734077424784,-3.530467435121169,-1.2071565508310433,-3.243572439111663,-2.5983384526684166,-2.915485519199672,-1.9665888249007626,-2.4410371720502173,6647
HELLS,PROTEIN_CODING,4,-5.304330153808109,-1.071756826348923,0.6049978224922707,-3.845307966945376,-1.318114671372718,-1.544578885967049,-1.113716118051872,-1.066808852128561,-5.304330153808109,-0.23337950192832613,-1.0902624850902165,-1.9236963858882536,-1.241701285382494,-2.581711319159047,-2.722341237049292,-1.722983317987973,-2.2226622775186327,3070
MAU2,PROTEIN_CODING,4,-2.267617525444244,-1.932278865334784,-0.2199175033983434,-4.799578230938327,-1.794562642488879,-0.7172569587488103,-2.085865507592037,-1.468685791257585,-4.799578230938327,-1.0760981843665638,-1.777275649424811,-1.4732712980591236,-1.423936085866144,-3.297070436713603,-1.5931457088939778,-2.5509840215765673,-2.0720648652352724,23383
NARS2,PROTEIN_CODING,4,0.7473871488386399,-3.536959963764434,-1.558741076764511,-2.949322732841857,-1.090915972286855,-6.549915339964173,-1.768881795002131,-2.566988099503391,-6.549915339964173,-2.5478505202644723,-2.167934947252761,-1.4494379638967683,-3.6285950781565646,-2.020119352564356,-2.297814721137463,-2.555036066786363,-2.426425393961913,79731
POLB,PROTEIN_CODING,4,-4.805718991162881,-0.3644794937769953,-0.328396227702073,0.8420892693885934,-12.15532734088965,-1.685795307765217,-0.250183962717131,0.02406643352517444,-12.15532734088965,-0.34643786073953414,-0.11305876459597829,-1.8328649042139833,-0.6373042789857245,-5.656619035750529,-6.215613879939251,0.127530881351027,-3.044041499294112,5423
RPL7A,PROTEIN_CODING,4,-2.529116080857488,-1.868600154154101,-3.913129025243931,-0.6492565897946067,-1.014545137388797,-5.359507060947372,-1.94417677466864,-4.787209908849267,-5.359507060947372,-2.890864589699016,-3.3656933417589534,-2.7702817534185065,-4.03029791482176,-0.8319008635917018,-2.967722759731219,-2.301938173750859,-2.6348304667410387,6130
CHD1L,PROTEIN_CODING,4,-7.60432992243115,-2.23641432519292,-1.050748438966809,-3.420010313713901,-9.342066832189191,-2.411544632410864,-0.4130306673935163,-0.875871822278087,-9.342066832189191,-1.6435813820798644,-0.6444512448358016,-3.6304975621969593,-1.2334823740274892,-6.381038572951546,-6.452647129010401,-1.9026809802098557,-4.177664054610128,9557
MRPS21,PROTEIN_CODING,4,-2.91430358811902,-4.261539281249069,-3.300527131965659,-3.32933483719582,-1.955545556903934,-1.591390914606492,-0.5985483878593449,0.7266658717729388,-4.261539281249069,-3.781033206607364,0.06405874195679695,-3.4921233337779163,-0.4877578102309661,-2.642440197049877,-2.153746686543149,-2.3487697672821293,-2.251258226912639,54460
E2F7,PROTEIN_CODING,4,5.475780302775802,7.389193486370182,3.351036839884041,0.6838692293100285,1.332906698403157,2.167170071116688,0.5428803813049681,1.016101069668087,7.389193486370182,5.370115163127112,0.7794907254865275,5.405336876343342,1.242050507363248,1.0083879638565927,2.9919523574318823,2.2778250393078894,2.6348886983698856,144455
EME1,PROTEIN_CODING,4,-1.859001347969044,-1.555607193498893,0.01462048960660722,-6.653168543670676,-3.634437935230826,-2.426445570428921,-2.18885968428674,-1.993869388995744,-6.653168543670676,-0.770493351946143,-2.091364536641242,-1.1333293506204434,-2.2030582145704685,-5.143803239450751,-2.6399616178762635,-3.171675477419354,-2.905818547647809,146956
SWI5,PROTEIN_CODING,4,-2.212309305583379,-1.735550717411113,-0.6280941024240183,-2.565571241004412,-2.859517798654586,-3.31600348379793,-0.8274131332929185,-2.725704995117045,-3.31600348379793,-1.1818224099175656,-1.7765590642049818,-1.5253180418061703,-2.289707204069298,-2.712544519829499,-2.795943529345298,-1.8413175717089862,-2.3186305505271423,375757
VEZT,PROTEIN_CODING,4,-2.389551102019843,-1.690244601472851,-2.93363776428541,-3.080734448868381,-0.4532357916508197,-3.865916293487052,-4.651189155053963,-3.858454545034113,-4.651189155053963,-2.3119411828791305,-4.2548218500440385,-2.3378111559260346,-4.125186664525042,-1.7669851202596005,-2.2362343957192383,-3.2158324939305167,-2.7260334448248775,55591
RAD51B,PROTEIN_CODING,4,-5.714012241218813,-2.885461866875263,-2.296143695887263,-5.397823335338916,-4.860716795197563,-4.528626742867358,-3.727324284502235,-4.277615698556509,-5.714012241218813,-2.590802781381263,-4.002469991529372,-3.6318726013271134,-4.1778555753087,-5.129270065268239,-5.034451926427911,-3.9970320360831835,-4.515741981255547,5890
NAA20,PROTEIN_CODING,4,-1.187459296229936,-0.9736812224552649,-3.000666116988715,0.06675330353239099,-2.506684318984624,-2.587725926420194,-3.297404834969427,-4.472062053880282,-4.472062053880282,-1.98717366972199,-3.8847334444248545,-1.7206022118913051,-3.4523976050899683,-1.2199655077261164,-2.093956513878251,-1.935051270204818,-2.0145038920415343,51126
HSPE1,PROTEIN_CODING,4,-1.81726524295791,-4.718216366101264,-0.4998196869485477,-2.204551758102828,-1.49678056828576,-4.130846203866147,-2.941580249134688,-2.895171132972988,-4.718216366101264,-2.6090180265249057,-2.9183756910538383,-2.3451004320025737,-3.3225325286579412,-1.850666163194294,-2.481630671703272,-2.577315158560524,-2.529472915131898,3336
FANCB,PROTEIN_CODING,4,-2.395606492917428,-0.8272754723710506,-0.01569298544075407,-4.661923694660355,-3.488828261812284,-2.065765030810675,-1.224580277218186,-1.55142310858622,-4.661923694660355,-0.4214842289059023,-1.388001692902203,-1.079524983576411,-1.6139228055383603,-4.07537597823632,-2.6500665951801294,-2.15713653882282,-2.4036015670014748,2187
NDUFAB1,PROTEIN_CODING,4,-2.905983182413358,-1.299005719892439,-1.35134026219476,-3.772366837940631,-2.001793009269222,-1.94429833753326,-1.733239021225522,-2.319990471938554,-3.772366837940631,-1.3251729910435994,-2.026614746582038,-1.8521097215001856,-1.9991759435657785,-2.8870799236049267,-2.2840248430719465,-2.3747181918554223,-2.3293715174636844,4706
CHTF18,PROTEIN_CODING,4,-1.787562837042288,-2.205419357035581,-2.342946811224251,-4.358421561152637,-4.496768963307999,-4.313410197649324,0.1260722830221928,-2.682179323082824,-4.496768963307999,-2.274183084129916,-1.2780535200303156,-2.1119763351007066,-2.2898390792366516,-4.427595262230318,-3.53258066599987,-2.6368860551042896,-3.0847333605520797,63922
CCS,PROTEIN_CODING,4,-8.088260377645641,-2.957803169469742,0.2670248027299398,-3.902420193505483,-2.754739105701571,-0.01511432956878911,0.07464321063650567,-0.3310201656218158,-8.088260377645641,-1.345389183369901,-0.12818847749265505,-3.5930129147951475,-0.09049709485136641,-3.328579649603527,-3.619371270972,-1.7919992847893464,-2.705685277880673,9973
CDK12,PROTEIN_CODING,4,-0.6916177890373195,1.145641986312211,0.09938924621322741,-4.134277063956796,-1.553669427691109,-4.717822633195782,-2.353140020556885,-2.639463317539672,-4.717822633195782,0.6225156162627191,-2.4963016690482784,0.18447114782937293,-3.236808657097446,-2.8439732458239524,-2.3210366166414036,-2.0026877055807852,-2.1618621611110944,51755
MSTO1,PROTEIN_CODING,4,-0.5945088154330647,-2.232568998413242,-2.435666941998581,-4.314167383568296,-1.043866603683315,-1.11405483443904,-2.136925973698901,-3.74878961249519,-4.314167383568296,-2.334117970205911,-2.9428577930970454,-1.7542482519482958,-2.3332568068777104,-2.6790169936258055,-0.9174767511851399,-3.1970477156237505,-2.0572622334044453,55154
UROD,PROTEIN_CODING,4,0.1283150374074664,-2.774568060987025,0.2005809573227636,-2.597627297460491,-3.830769876710334,-2.241502976706584,-3.015078494971852,-2.888771063573236,-3.830769876710334,-1.2869935518321307,-2.9519247792725443,-0.8152240220855984,-2.7151175117505573,-3.214198587085413,-1.9813192720031507,-2.2788485428550556,-2.1300839074291034,7389
PLK4,PROTEIN_CODING,4,-0.8360373892948423,-2.211507413100052,-1.010005978568678,-3.08776652281908,-0.7530271265628158,-4.318787162664928,-2.925116723821906,-3.714128152655015,-4.318787162664928,-1.610756695834365,-3.3196224382384605,-1.3525169269878574,-3.652677346380616,-1.9203968246909477,-1.9692838928408622,-2.672715218963969,-2.3209995559024157,10733
GNL3,PROTEIN_CODING,4,-1.503651271835358,-0.4992505507835699,-2.571451596722353,-2.97695599073789,0.3594003275145355,-3.953467212427502,-2.467827428910346,-3.030005487011303,-3.953467212427502,-1.5353510737529614,-2.7489164579608243,-1.5247844731137603,-3.150433376116384,-1.3087778316116774,-1.699239385582775,-2.420407840817225,-2.0598236132,26354
MUS81,PROTEIN_CODING,4,-6.390360516217924,-0.4681798802602795,-0.5321864793130752,-10.23857947044873,-6.709647627139767,-4.088063304818039,-1.617200559585532,-2.3429878514507,-10.23857947044873,-0.5001831797866774,-1.980094205518116,-2.4635756252637595,-2.6827505719514235,-8.474113548794248,-5.72935714939191,-4.2396189519178415,-4.984488050654876,80198
ITPA,PROTEIN_CODING,4,-1.176733532468721,-0.2251058801659295,1.68042588710491,-11.77676572235235,-7.3830728524622264,0.2798887546519513,-0.8839048911760896,-0.9044262735178958,-11.77676572235235,0.7276600034694902,-0.8941655823469927,0.09286215815675318,-0.5028141366806781,-9.579919287407288,-2.7599725434263322,-3.9810904337432844,-3.3705314885848083,3704
EIF2B4,PROTEIN_CODING,4,-2.347822232392724,0.2967800954385078,-0.874150232521921,-3.03608223395252,-1.533548179376085,-3.448277374041422,-0.5844436989781308,-2.960041494021599,-3.448277374041422,-0.2886850685417066,-1.772242596499865,-0.9750641231587124,-2.3309208556803838,-2.2848152066643026,-2.44321592860341,-1.699003299664697,-2.0711096141340537,8890
NBN,PROTEIN_CODING,4,-7.006878932873329,-3.87429316163472,-1.305017752605581,-6.308353255658341,-5.263739737663672,-2.721454740508409,0.04656219043824808,-1.27936545315361,-7.006878932873329,-2.5896554571201507,-0.616401631357681,-4.06206328237121,-1.3180860010745903,-5.786046496661006,-4.997357803681804,-3.1714701147120574,-4.08441395919693,4683
EIF6,PROTEIN_CODING,4,-1.043191350451705,-0.8495834414229825,-0.5265868985589964,-0.6409377220786374,-2.625529235435511,-4.74932125456726,-1.696304646710628,-3.938881730682803,-4.74932125456726,-0.6880851699909895,-2.8175931886967156,-0.8064538968112279,-3.461502543986897,-1.6332334787570741,-2.806013946818158,-1.3822053602554476,-2.094109653536803,3692
RPL19,PROTEIN_CODING,4,-1.274998057903625,-1.198167901222293,-3.229291596570633,-1.587020787629335,-1.059117536763772,-4.568390792006859,-2.148467932547156,-1.799499931431188,-4.568390792006859,-2.213729748896463,-1.973983931989172,-1.9008191852321836,-2.8387862186617343,-1.3230691621965533,-2.300835462224752,-1.92491148950499,-2.112873475864871,6143
FANCA,PROTEIN_CODING,4,-3.474877212500814,-2.049001249169392,1.119538755568088,-6.832091118168912,-4.980885039069867,-1.630348018836683,0.08729394820712841,-1.155314027416585,-6.832091118168912,-0.4647312468006519,-0.5340100396047283,-1.4681132353673725,-0.8994560326820465,-5.90648807861939,-3.3620367568024547,-2.610277468191431,-2.986157112496943,2175
PSMC3IP,PROTEIN_CODING,4,-2.959444829920828,0.899904939506945,0.5379375601921602,-3.608445059292545,-5.249816759119993,-2.38509212137098,-1.705883752239417,-1.918093072781564,-5.249816759119993,0.7189212498495525,-1.8119884125104906,-0.5072007767405743,-2.0030229821306533,-4.429130909206269,-3.531451236803934,-1.567170740651161,-2.5493109887275476,29893
NARS,PROTEIN_CODING,4,-0.7347736249359855,-0.1477731522501527,-1.774905704866338,-3.866610645410921,-2.41060744998932,-5.425029970151598,-2.658895474411304,-4.324704774152297,-5.425029970151598,-0.9613394285582453,-3.4918001242818004,-0.8858174940174921,-4.136210072905066,-3.1386090477001205,-2.8568036816923006,-2.7732500660836554,-2.815026873887978,4677
RAD51D,PROTEIN_CODING,4,-3.584038976048826,-2.489062286267842,-2.022874194857391,-2.426368615868951,-4.843985668779164,-4.96534831378762,-4.292755103488327,-4.294727085848258,-4.96534831378762,-2.2559682405626162,-4.293741094668293,-2.698658485724686,-4.517610167708068,-3.635177142324057,-4.46445765287187,-2.9920259836999534,-3.7282418182859116,5892
PTEN,PROTEIN_CODING,4,3.900867743783266,2.986587164431208,3.60362302007898,1.664358846309455,0.02523388258142008,2.141132726710564,1.446106011963181,1.035173130965371,3.900867743783266,3.2951050922550937,1.240639571464276,3.497025976097818,1.540803956546372,0.8447963644454375,2.0224114510250835,2.066701170009608,2.0445563105173457,5728
SWSAP1,PROTEIN_CODING,4,-5.765590963155672,-1.839957629568158,-1.023062862564586,-6.264192748189465,-5.673885815731198,-1.853605802324039,-2.185872903252815,-1.04184741347303,-6.264192748189465,-1.431510246066372,-1.6138601583629226,-2.876203818429472,-1.6937753730166278,-5.969039281960331,-4.431027527070303,-3.1031877175395866,-3.7671076223049447,126074
FANCD2,PROTEIN_CODING,4,-2.075338029243025,-1.145822484745995,0.355050318962537,-6.112609469056558,-3.414494460250391,-0.4558708069015469,0.5670182283374412,0.3226385145815803,-6.112609469056558,-0.395386082891729,0.44482837145951076,-0.9553700650088275,0.14459531200582487,-4.763551964653475,-1.9819010987983212,-2.021055726829592,-2.001478412813957,2177
CSE1L,PROTEIN_CODING,4,-2.420334428030473,1.410464882826122,-0.6504076961901573,-1.923521892026075,-3.366683942187514,-3.775787938482076,-1.721313111838958,-4.484200742103893,-4.484200742103893,0.38002859331798233,-3.1027569269714257,-0.5534257471315027,-3.3271005974749754,-2.6451029171067946,-3.187602102900021,-1.548750075226506,-2.3681760890632635,1434
ZSWIM7,PROTEIN_CODING,4,-6.128087085864845,-1.49697363121963,-1.675292099330626,-3.913951914913697,-5.712912133123877,-0.1352479878733175,0.3516325746957442,0.05758370195219177,-6.128087085864845,-1.586132865275128,0.204608138323968,-3.1001176054717003,0.09132276292487283,-4.813432024018787,-3.992082402287346,-1.765158880621619,-2.8786206414544826,125150
RPS17,PROTEIN_CODING,4,-1.075299955731648,-1.500767245435031,-0.8140319245979184,0.1182891708747536,-0.01596548775203133,-6.514013153251914,-2.205202889962269,-5.029117715223879,-6.514013153251914,-1.1573995850164747,-3.617160302593074,-1.1300330419215323,-4.582777919479354,0.05116184156136114,-2.5350928655785308,-1.5520902389115985,-2.0435915522450645,6218
KPNB1,PROTEIN_CODING,4,0.1142117782994445,-2.088954438156688,-2.865263577930623,-2.938838945509116,-1.558737776508237,-3.726162175446534,-2.274613590443968,-4.258371059844366,-4.258371059844366,-2.4771090080436555,-3.266492325144167,-1.6133354125959556,-3.4197156085782896,-2.2487883610086765,-1.7235627245517755,-2.8941467595656465,-2.308854742058711,3837
XRCC2,PROTEIN_CODING,4,-3.3308056690258,-2.897675308035013,-2.868934310110175,-2.757884512379451,-3.662030704272191,-4.938513688602162,-1.550664416262281,-2.305973788051161,-4.938513688602162,-2.883304809072594,-1.928319102156721,-3.0324717623903297,-2.931717297638535,-3.209957608325821,-3.9771166873000507,-2.5231694745362554,-3.250143080918153,7516
DYNLRB1,PROTEIN_CODING,4,-3.125557342081496,-0.1816900901636994,-1.396820405381467,-0.9136789340498245,-0.5965172325287571,-6.220716640095888,-2.767490250909303,-3.764993656093178,-6.220716640095888,-0.7892552477725832,-3.2662419535012406,-1.5680226125422208,-4.25106684903279,-0.7550980832892908,-3.3142637382353803,-1.6563920451078828,-2.4853278916716315,83658
XRCC3,PROTEIN_CODING,4,-3.213298686331287,2.285897594900681,1.215895978299631,-2.364500408430773,-2.515239633323079,-5.340739587867269,-0.3737467016296828,-3.470610901801837,-5.340739587867269,1.7508967866001561,-1.92217880171576,0.09616496228967504,-3.061699063766263,-2.439870020876926,-3.6897593025072113,-0.8452608078487923,-2.267510055178002,7517
SENP6,PROTEIN_CODING,4,-2.867109567297683,-1.005615579646675,-2.396716050591677,-0.6100418901280275,-1.816892922081706,-3.962209976214746,-0.6431418879659399,-3.071494200988266,-3.962209976214746,-1.7011658151191762,-1.857318044477103,-2.089813732512012,-2.5589486883896506,-1.2134674061048667,-2.882070821864712,-1.3895085832414356,-2.135789702553074,26054
MCMBP,PROTEIN_CODING,4,-1.777999754203246,-0.335196448966179,1.154815677124268,-4.180503905137927,-2.473850626785717,-2.58326873080378,-3.654187037388682,-3.563098573451458,-4.180503905137927,0.4098096140790445,-3.60864280542007,-0.3194601753483857,-3.26685144721464,-3.327177265961822,-2.2783730372642474,-2.4597790321596507,-2.369076034711949,79892
TRAIP,PROTEIN_CODING,4,-0.8199124357504282,-1.696408656204344,-2.212865489698927,-4.057043829153292,-4.365634913140672,-4.213648766779335,-1.003006886066764,-1.138229282882437,-4.365634913140672,-1.9546370729516354,-1.0706180844746005,-1.5763955272179,-2.118294978576179,-4.211339371146982,-3.133065371890145,-2.360766328859843,-2.746915850374994,10293
PIKFYVE,PROTEIN_CODING,4,0.07385377513823922,-1.473587036635786,-1.857700521750974,-3.255268528916635,-1.900336061518162,-2.263104258277637,-3.136501357075981,-3.640743128787647,-3.640743128787647,-1.66564377919338,-3.388622242931814,-1.0858112610828403,-3.013449581380422,-2.5778022952173982,-1.3631955148858532,-2.769844850347276,-2.0665201826165647,200576
RAD18,PROTEIN_CODING,4,-4.018733958972949,-0.8232490395755416,0.609976170283744,-1.909543504843743,-4.671808809590812,-1.9861646262819,-1.086030593813295,-0.1602819760160642,-4.671808809590812,-0.10663643464589884,-0.6231562849146797,-1.4106689427549155,-1.0774923987037532,-3.2906761572172774,-3.5589024649485537,-0.8797787414681072,-2.2193406032083303,56852
AUNIP,PROTEIN_CODING,4,-1.725983985329882,0.4571391490537141,1.570456267530144,-4.932726809797888,-4.731120740474641,-3.552662872271191,-1.633505409596333,-0.4027405233307813,-4.932726809797888,1.013797708291929,-1.0181229664635572,0.10053714375132532,-1.8629696017327684,-4.831923775136264,-3.336589199358572,-1.6456840226565053,-2.491136611007539,79000
NCAPD2,PROTEIN_CODING,4,-2.715521834709667,-1.134188052125397,-2.396202041419859,0.1915897589364857,-2.530977202933647,-4.844023585933377,-2.533201204789969,-3.730459020526301,-4.844023585933377,-1.7651950467726278,-3.131830112658135,-2.081970642751641,-3.702561270416549,-1.1696937219985806,-3.363507541192231,-1.5684784668314258,-2.4659930040118283,9918
DDX59,PROTEIN_CODING,4,-2.95439562850741,-0.4793520716842479,-3.921416400835842,-2.706664910223693,-3.2642849944570562,-2.884012473836663,-0.4458095675896782,-1.354611769865989,-3.921416400835842,-2.200384236260045,-0.9002106687278336,-2.4517213670091667,-1.5614779370974432,-2.9854749523403745,-3.034231032267043,-1.9357532717371904,-2.4849921520021168,83479
APEX2,PROTEIN_CODING,4,-4.475439337865098,-2.015994571217582,-1.791247935306179,-1.415375424294264,-2.268893466469923,-1.744548258914143,-0.5071444779437417,-1.362819366517946,-4.475439337865098,-1.9036212532618806,-0.9349819222308439,-2.76089394812962,-1.2048373677919437,-1.8421344453820936,-2.829627021083055,-1.417992866595663,-2.123809943839359,27301
MAEA,PROTEIN_CODING,4,-2.042666154025217,-2.422025648184408,-2.487014703041333,-4.962307192019101,-3.575586770653749,-2.98376569447547,-2.931020713238094,-3.321160044536164,-4.962307192019101,-2.4545201756128705,-3.1260903788871293,-2.3172355017503192,-3.078648817416576,-4.268946981336425,-2.867339539718145,-3.5143059155063674,-3.1908227276122565,10296
RPL23A,PROTEIN_CODING,4,-1.506791386847832,-1.123802761555931,-2.554263096511383,-1.523890372693866,-3.101749680535779,-4.93558380878171,-0.9226565173415754,-3.009001831166975,-4.93558380878171,-1.8390329290336571,-1.965829174254275,-1.7282857483050487,-2.95574738576342,-2.3128200266148227,-3.181374958721774,-1.7762508253272662,-2.47881289202452,6147
FNTA,PROTEIN_CODING,4,0.1093306942385669,-0.6492442887615774,-3.281554044767602,-2.76832772706911,-0.7747457344227223,-5.667496049029896,-1.411634380047202,-2.718429513433627,-5.667496049029896,-1.9653991667645896,-2.0650319467404143,-1.2738225464302042,-3.2658533141702417,-1.7715367307459162,-2.1109703630713503,-2.266252946858038,-2.188611654964694,2339
TFAP2C,PROTEIN_CODING,4,-4.404458120561441,-0.1427456845954933,-0.2593797781758995,-4.67111797332333,-2.390750135020349,-1.009816034417542,-0.01635784029063411,-0.3912600685880447,-4.67111797332333,-0.2010627313856964,-0.20380895443933938,-1.6021945277776115,-0.4724779810987403,-3.5309340541718397,-2.60167476333311,-1.6919965530494554,-2.1468356581912826,7022
RPS15A,PROTEIN_CODING,4,-2.401017812846542,-1.362234205352401,-1.035511764460251,1.45588296268337,-0.738957728593657,-6.411366969689766,-2.846829570946103,-7.222925928244989,-7.222925928244989,-1.198872984906326,-5.034877749595546,-1.599587927553065,-5.493707489626953,0.3584626170448565,-3.183780837043322,-1.5926225906061673,-2.3882017138247447,6210
PDCD10,PROTEIN_CODING,4,9.065854417080894,7.582550861052257,5.296050662147902,0.9771340826594969,-1.213309849331806,0.6625354947858517,1.892695800763339,1.492339673648631,9.065854417080894,6.43930076160008,1.692517737205985,7.314818646760351,1.3491903230659403,-0.11808788333615455,2.83836002084498,3.0363175271551874,2.937338774000084,11235
NEDD8,PROTEIN_CODING,5,-1.282420097551955,-1.546175052374677,-1.562604768680416,-2.553492199999015,-1.300911765489492,-4.506199924852607,-0.4538439888264203,-1.564613583210122,-4.506199924852607,-1.5543899105275465,-1.0092287860182712,-1.4637333062023494,-2.1748858322963827,-1.9272019827442535,-2.363177262631351,-1.7057036321816108,-2.034440447406481,4738
CYB5B,PROTEIN_CODING,4,-1.300854715363208,0.9007604628765302,-1.125855732778316,-1.047613580301278,-2.555745915868993,-5.643050034215988,-2.079727897917008,-1.755525216028725,-5.643050034215988,-0.11254763495089293,-1.9176265569728663,-0.5086499950883313,-3.159434382720573,-1.8016797480851356,-3.1665502218160633,-1.0259292574083458,-2.0962397396122046,80777
BARD1,PROTEIN_CODING,4,-1.669159310636751,-1.558029311969715,-1.139537026226997,-1.865371570937981,-1.792069777329638,-4.365009276611744,-4.42636922416785,-4.851026435719621,-4.851026435719621,-1.348783169098356,-4.638697829943736,-1.455575216277821,-4.547468312166405,-1.8287206741338093,-2.6087461215260443,-2.617617523326691,-2.613181822426368,580
RAD54L,PROTEIN_CODING,4,-6.293527006645493,0.3317748658859472,-1.613867026125327,-1.683512155215608,-7.125762864537952,-0.4370611331444318,-1.32347862405335,-1.146205520425684,-7.125762864537952,-0.6410460801196899,-1.234842072239517,-2.525206388961624,-0.9689150925411553,-4.40463750987678,-4.618783668109292,-1.186466769191605,-2.9026252186504484,8438
FANCL,PROTEIN_CODING,4,-3.577183813457883,-1.945682495159526,-0.9837115143247995,-5.827561856944869,-6.121679704765228,-1.758232016244731,-1.318728986874243,-2.937186679082918,-6.121679704765228,-1.4646970047421628,-2.1279578329785807,-2.1688592743140696,-2.004715894067297,-5.974620780855048,-3.819031844822614,-3.140072231555204,-3.479552038188909,55120
SKA2,PROTEIN_CODING,4,-2.085430900983503,-2.299351246201026,-4.962369298537269,-0.9697115540159129,-0.8353332128518148,-4.140610924328111,-1.460452250754582,-1.580951602034025,-4.962369298537269,-3.630860272369148,-1.5207019263943036,-3.1157171485739332,-2.394004925705573,-0.9025223834338638,-2.3537916793878093,-2.040424584259788,-2.1971081318237986,348235
POLG,PROTEIN_CODING,4,0.5633050872319092,-1.281356388886632,-3.367801190978986,-1.437379611519326,-0.4922319651398163,-6.151849038133301,-2.330313208973007,-2.011200601439847,-6.151849038133301,-2.3245787899328088,-2.170756905206427,-1.361950830877903,-3.497787616182052,-0.9648057883295712,-2.0269253053470693,-1.9775717688861871,-2.0022485371166283,5428
FANCF,PROTEIN_CODING,4,-4.893531546063596,-3.25239843842518,-0.5367852678655222,-3.67183522356929,-3.122841719990291,-1.354607492466264,-0.9415357328987621,-1.289581625559562,-4.893531546063596,-1.8945918531453512,-1.115558679229162,-2.894238417451433,-1.1952416169748628,-3.3973384717797908,-3.1236602528400508,-2.2273285853146008,-2.6754944190773258,2188
PSMG3,PROTEIN_CODING,4,-3.898900868845146,-1.804055455426221,-3.013214198162654,-0.7731604219317898,0.7136215505026031,-4.137721238477713,-2.857675443472114,-3.01057380346175,-4.137721238477713,-2.4086348267944375,-2.934124623466932,-2.905390174144673,-3.3353234951371924,-0.02976943571459334,-2.441000185606752,-2.0386399573977196,-2.239820071502236,84262
HPF1,PROTEIN_CODING,4,-11.96437588500137,-0.2468963518167104,-0.04544074401151619,-0.997709368085193,-1.141696865482311,-2.590866547718246,-0.1115946322850358,0.6050963352932908,-11.96437588500137,-0.1461685479141133,0.24675085150412748,-4.085570993609866,-0.6991216149033302,-1.069703116783752,-5.232313099400643,-0.29904235483172625,-2.7656777271161843,54969
FAAP24,PROTEIN_CODING,4,-3.552700207374753,-4.58505035187517,-1.983158930542769,-4.358355808363049,-5.565131699486447,-2.246738796224407,-2.39316697374877,-3.234713357121385,-5.565131699486447,-3.2841046412089696,-2.8139401654350777,-3.3736364965975643,-2.6248730423648543,-4.961743753924748,-3.788190234361869,-3.4854668716690322,-3.6368285530154507,91442
UBE2T,PROTEIN_CODING,4,-3.388340696117428,-1.181357453427807,0.1350170616604368,-6.28717573701958,-4.877253682656519,-1.240576043231432,-1.378277414357424,-2.08001237112556,-6.28717573701958,-0.5231701958836852,-1.729144892741492,-1.4782270292949329,-1.5662886095714719,-5.58221470983805,-3.168723474001793,-2.846496941881586,-3.0076102079416893,29089
WDR26,PROTEIN_CODING,4,-3.439898344637351,-1.28578632925469,-1.185464262096642,-2.794194197728348,-0.8044337470710768,-2.508937620973611,-2.542576773704825,-1.612178663388641,-3.439898344637351,-1.235625295675666,-2.077377718546733,-1.9703829786628944,-2.2212310193556926,-1.7993139723997125,-2.2510899042273462,-2.0357324039835825,-2.1434111541054643,80232
BCL2L1,PROTEIN_CODING,4,-1.014553285311696,0.8613093522650004,0.5150065459786322,0.1901540401928618,-1.962897232543301,-5.731264739662651,-3.526600280070999,-5.580597223828091,-5.731264739662651,0.6881579491218163,-4.553598751949545,0.12058753764397882,-4.946154081187247,-0.8863715961752195,-2.902905085839216,-1.2250955875449556,-2.064000336692086,598
DNAJC9,PROTEIN_CODING,4,-2.074889512534781,0.02977100165894037,-2.313887246681115,-4.36378263597063,-2.111535364391651,-1.729920453173692,-3.259225158884643,-4.532870712927155,-4.532870712927155,-1.1420581225110873,-3.896047935905899,-1.4530019191856518,-3.17400544166183,-3.2376590001811407,-1.972115110033375,-3.133962898129205,-2.55303900408129,23234
RFC1,PROTEIN_CODING,4,-1.788831697386772,-1.082396099131325,-1.180051750961256,-4.630041168820807,-4.499733166262573,-1.560425997791693,-0.7883245725548507,-2.233268393688685,-4.630041168820807,-1.1312239250462905,-1.510796483121768,-1.3504265158264512,-1.5273396546784095,-4.5648871675416895,-2.616330287147013,-2.4240205256629554,-2.5201754064049844,5981
CDC20,PROTEIN_CODING,4,-1.459042713972858,-1.544010505440206,-0.6823464506489435,-2.443732304266088,-1.765003431578224,-3.467692792007322,-1.784747671485396,-3.0501258738295,-3.467692792007322,-1.1131784780445748,-2.4174367726574477,-1.2284665566873358,-2.7675221124407394,-2.1043678679221562,-2.230579645852801,-1.99144918498937,-2.1110144154210855,991
PPP6C,PROTEIN_CODING,4,-2.123748105180897,-1.104470576036294,-2.158967006292303,-3.534977040775986,-3.091026871541522,-1.003389114586974,-1.848147384149994,-1.831056643246135,-3.534977040775986,-1.6317187911642987,-1.8396020136980646,-1.7957285625031647,-1.5608643806610345,-3.313001956158754,-2.0727213637697974,-2.335432615212783,-2.2040769894912904,5537
TIPRL,PROTEIN_CODING,4,-0.5253426748460875,-3.513065185446156,-2.6798377615611,-4.517489779411354,-4.333010923713005,-2.067234653344384,0.6255454718795738,0.7394438270453316,-4.517489779411354,-3.096451473503628,0.6824946494624526,-2.239415207284448,-0.2340817848064928,-4.4252503515621795,-2.3085294173011586,-2.310482201150843,-2.3095058092260006,261726
ATM,PROTEIN_CODING,4,-6.802619961773924,-2.04203486050794,0.620588468412744,-3.436607750113614,-2.827771805789626,-4.457337340995084,-0.1379947684805531,-1.002527877067885,-6.802619961773924,-0.7107231960475981,-0.570261322774219,-2.7413554512897065,-1.8659533288478405,-3.13218977795162,-4.695909702852878,-1.5725307563118103,-3.134220229582344,472
NSL1,PROTEIN_CODING,4,0.1757033690507735,-4.103353233895214,-4.642558709086125,-2.630462125109778,-0.5124285787408064,-3.312044650292809,-2.832797528219853,-3.475470856949109,-4.642558709086125,-4.372955971490669,-3.154134192584481,-2.8567361913101883,-3.2067710118205905,-1.5714453519252922,-1.2162566199942806,-3.3858507630616423,-2.3010536915279616,25936
TP53,PROTEIN_CODING,4,5.392328093496383,9.51456564335272,3.926853277649151,1.644313653171259,-1.151450862024865,0.1510646816256287,0.02127338493980651,-0.9022171839544912,9.51456564335272,6.720709460500935,-0.4404718995073424,6.277915671499418,-0.24329303912968533,0.24643139557319704,1.4639806376990492,2.641517071388284,2.0527488545436667,7157
DHX8,PROTEIN_CODING,4,-0.2694586308256312,-2.472789940661816,-4.145440204214076,-2.303821779026484,-1.71583220532795,-3.643284550774571,-4.227627757969176,-2.931450706056064,-4.227627757969176,-3.3091150724379457,-3.5795392320126203,-2.2958962585671743,-3.6007876715999374,-2.009826992177217,-1.8761917956427174,-3.0641586944923502,-2.4701752450675336,1659
FDX1L,PROTEIN_CODING,4,-1.07655022945878,1.687036661959566,-0.2507473708180084,-3.830882672087148,-3.36215700136129,-3.121123437478506,-0.8944956991229674,-2.261960397885478,-3.830882672087148,0.7181446455707788,-1.5782280485042228,0.11991302056092584,-2.0925265114956506,-3.596519836724219,-2.519943556099525,-1.5636553583401973,-2.0417994572198612,112812
CSNK1A1,PROTEIN_CODING,4,-2.356732187164333,-1.540958350855309,-3.861867461641585,-2.791692701079436,-0.4466222810972639,-3.567118681807329,-1.075970559510649,-1.196191973156507,-3.861867461641585,-2.7014129062484473,-1.136081266333578,-2.586519333220409,-1.946427071491495,-1.61915749108835,-2.123491050022975,-2.209728957887154,-2.1666100039550646,1452
SS18L2,PROTEIN_CODING,4,-3.186475049848897,-2.359573332402524,-2.895358437925115,-2.703334098388119,-2.703697819125511,-1.106550985181113,-0.6971151548951052,-1.709405403315633,-3.186475049848897,-2.6274658851638195,-1.203260279105369,-2.8138022733921786,-1.1710238477972839,-2.7035159587568147,-2.3322412847185072,-2.178020087552436,-2.2551306861354714,51188
EARS2,PROTEIN_CODING,4,-1.081700104578656,-3.794272733650597,-3.226286094641106,-0.8305741686396274,-0.1587540638602828,-6.071588969382655,-2.309240385842551,-2.501296583065563,-6.071588969382655,-3.5102794141458515,-2.405268484454057,-2.7007529776234533,-3.62737531276359,-0.4946641162499551,-2.437347712607198,-2.248707355746512,-2.343027534176855,124454
RPUSD4,PROTEIN_CODING,4,1.258966711059056,-1.230206998846038,-1.322590182698119,-2.182454830739811,-2.281953959589529,-6.485603406804533,-2.416990393571773,-2.99955904029177,-6.485603406804533,-1.2763985907720785,-2.7082747169317716,-0.43127682349503366,-3.967384280222692,-2.23220439516467,-2.502863551778335,-2.0557093794812205,-2.2792864656297778,84881
GTF3A,PROTEIN_CODING,4,-0.260602577333354,-0.6112399904536381,-0.2580217430938457,-1.275373079724565,-1.415167802063809,-4.070882150620173,-4.796822014738818,-4.515043955899846,-4.796822014738818,-0.43463086677374185,-4.655932985319332,-0.3766214369602792,-4.460916040419612,-1.3452704408941871,-1.915550843339112,-2.1219789772725464,-2.018764910305829,2971
PWP2,PROTEIN_CODING,4,-2.547375704979136,-1.512104916854819,-3.953526042006243,-0.09897385344248669,-0.2773648023547615,-4.487566712068527,-2.771796872007214,-3.954795798749795,-4.487566712068527,-2.7328154794305313,-3.3632963353785046,-2.671002221280066,-3.7380531276085116,-0.18816932789862412,-2.4374357398008084,-2.0650285560838406,-2.2512321479423245,5822
CHTF8,PROTEIN_CODING,4,0.1642708006805034,-2.860400557663365,-2.983270294291843,-1.186929093594993,-1.24078276938755,-5.524786841536301,-2.725011031761774,-1.677296781649322,-5.524786841536301,-2.921835425977604,-2.201153906705548,-1.8931333504249015,-3.309031551649132,-1.2138559314912714,-2.2004329367477826,-2.103306142092715,-2.1518695394202485,54921
MCM9,PROTEIN_CODING,4,-4.33539062161617,-2.078942036248063,-0.0399805492383405,-2.694512369992858,-3.052284482757579,-1.921846679745709,-0.24398360717374,0.2908711376762591,-4.33539062161617,-1.0594612927432017,0.023443765251259546,-2.151437735700858,-0.6249863830810632,-2.8733984263752186,-3.103173928039819,-1.243509965828267,-2.173341946934043,254394
HELQ,PROTEIN_CODING,4,-1.768347285900323,-0.1631617296324111,0.3403774898908465,-6.112582593400859,-5.645987737558942,-0.4349108462702903,-1.380090950311043,0.08013683415502978,-6.112582593400859,0.08860788012921769,-0.6499770580780067,-0.5303771752139625,-0.5782883208087679,-5.8792851654799,-2.616415289909852,-2.224650590449883,-2.4205329401798674,113510
USO1,PROTEIN_CODING,4,-1.320985620865539,-0.9601729045175283,-0.6880810355097565,0.2809883607718086,-0.02216770291824223,-6.470286505010686,-3.544992091960681,-4.909929763953622,-6.470286505010686,-0.8241269700136424,-4.227460927957152,-0.9897465202976079,-4.975069453641663,0.1294103289267832,-2.6044799429314893,-1.590199845732995,-2.0973398943322423,8615
FAAP100,PROTEIN_CODING,4,-3.165167239680384,-1.868152515560215,-1.215081182765861,-4.286426218762999,-6.387912669910028,-1.40571751696006,-1.455479391982664,-1.629167228241899,-6.387912669910028,-1.541616849163038,-1.5423233101122815,-2.08280031266882,-1.4967880457282077,-5.337169444336514,-3.652932475516824,-2.4567887926794394,-3.054860634098132,80233
CIP2A,PROTEIN_CODING,4,-0.8326855691757692,-3.061593315491933,-1.037171736451151,-6.466970885639555,-4.445777364126565,-1.262930410294387,-1.515705793166351,-2.047960579120311,-6.466970885639555,-2.049382525971542,-1.781833186143331,-1.6438168737062844,-1.6088655941936831,-5.456374124883061,-2.1804644478655737,-3.432728865918143,-2.806596656891858,57650
VPS25,PROTEIN_CODING,4,-2.076636929733381,-3.128608314826344,-4.046438522586686,0.5502229710315049,0.8235292406037652,-4.262399340514335,-3.301819776407472,-4.80427332779402,-4.80427332779402,-3.587523418706515,-4.053046552100746,-3.0838945890488034,-4.122830814905275,0.686876105817635,-1.8385023432146503,-2.363448999925252,-2.1009756715699512,84313
SON,PROTEIN_CODING,4,-0.956788298306928,-0.599336637846427,-1.278085398141074,-3.604159128506808,-4.205472462544367,-0.97150734727063,-0.8428050686624301,-2.705046380093299,-4.205472462544367,-0.9387110179937506,-1.7739257243778646,-0.944736778098143,-1.5064529320087863,-3.9048157955255873,-2.0445893693739747,-2.105598623626141,-2.075093996500058,6651
RNASEH2C,PROTEIN_CODING,4,-5.989307056484467,-2.459579150191692,-0.551363630318022,-1.256195815723781,-0.7189263877610128,-3.871067226717232,-1.695570455042865,-1.975641733283241,-5.989307056484467,-1.505471390254857,-1.835606094163053,-3.0000832789980603,-2.5140931383477794,-0.9875611017423969,-3.52643355698757,-1.5324244333805634,-2.529428995184067,84153
WASHC1,PROTEIN_CODING,4,-2.487157389270861,-3.253792261844687,-0.9919388848492509,-0.3183937566049067,-0.2648062126453716,-3.839714845974668,-3.658662253390023,-5.366997420980428,-5.366997420980428,-2.122865573346969,-4.512829837185225,-2.244296178654933,-4.288458173448372,-0.29159998462513914,-2.197226149296967,-2.3180297223790336,-2.2576279358380003,100287171
CDC7,PROTEIN_CODING,4,-0.8075106989441565,-2.932286316525647,-2.224651118812794,-2.176135654532899,-0.8516672784846414,-3.086552753514642,-2.455644557632492,-3.576126587029289,-3.576126587029289,-2.5784687176692205,-3.0158855723308906,-1.9881493780941992,-3.0394412993921414,-1.5139014665087702,-1.5819102436478134,-2.5901633148443364,-2.086036779246075,8317
CYCS,PROTEIN_CODING,4,-1.186443798175658,-3.208024660582392,-3.569204990596202,-0.06838413501503394,-0.05479980094833539,-6.514517084414343,-1.964772695324162,-2.617320092251183,-6.514517084414343,-3.388614825589297,-2.2910463937876724,-2.654557816451417,-3.698869957329896,-0.06159196798168467,-2.5852535611794454,-1.9160151181306677,-2.2506343396550568,54205
